{
  "Recommend.Other": -0.09090909,
  "Recommend.All": 0.28787879,
  "Recommend.MA": 0.66666667,
  "RSI": 55.90621454,
  "RSI[1]": 62.13210368,
  "Stoch.K": 78.97722094,
  "Stoch.D": 78.45574455,
  "Stoch.K[1]": 79.53654676,
  "Stoch.D[1]": 80.88336537,
  "CCI20": 115.99328284,
  "CCI20[1]": 155.89582033,
  "ADX": 19.12226047,
  "ADX+DI": 21.52295191,
  "ADX-DI": 16.0131903,
  "ADX+DI[1]": 23.01773409,
  "ADX-DI[1]": 17.12531616,
  "AO": 0.64299118,
  "AO[1]": 0.62969118,
  "Mom": 0.308,
  "Mom[1]": 0.543,
  "MACD.macd": 0.13695671,
  "MACD.signal": 0.06214537,
  "Rec.Stoch.RSI": 0,
  "Stoch.RSI.K": 80.10203414,
  "Rec.WR": 0,
  "W.R": -27.27272727,
  "Rec.BBPower": 0,
  "BBPower": 0.62426221,
  "Rec.UO": 0,
  "UO": 57.89698298,
  "close": 19.048,
  "EMA5": 19.07188523,
  "SMA5": 19.101,
  "EMA10": 18.95717617,
  "SMA10": 18.9062,
  "EMA20": 18.80721537,
  "SMA20": 18.7288,
  "EMA30": 18.77749317,
  "SMA30": 18.52073333,
  "EMA50": 18.84244638,
  "SMA50": 18.7476,
  "EMA100": 18.81481828,
  "SMA100": 19.38763,
  "EMA200": 18.16944344,
  "SMA200": 18.080475,
  "Rec.Ichimoku": 0,
  "Ichimoku.BLine": 18.4945,
  "Rec.VWMA": 1,
  "VWMA": 18.79366534,
  "Rec.HullMA9": -1,
  "HullMA9": 19.20967407,
  "Pivot.M.Classic.S3": 13.52766667,
  "Pivot.M.Classic.S2": 16.19866667,
  "Pivot.M.Classic.S1": 17.46933333,
  "Pivot.M.Classic.Middle": 18.86966667,
  "Pivot.M.Classic.R1": 20.14033333,
  "Pivot.M.Classic.R2": 21.54066667,
  "Pivot.M.Classic.R3": 24.21166667,
  "Pivot.M.Fibonacci.S3": 16.19866667,
  "Pivot.M.Fibonacci.S2": 17.21898867,
  "Pivot.M.Fibonacci.S1": 17.84934467,
  "Pivot.M.Fibonacci.Middle": 18.86966667,
  "Pivot.M.Fibonacci.R1": 19.88998867,
  "Pivot.M.Fibonacci.R2": 20.52034467,
  "Pivot.M.Fibonacci.R3": 21.54066667,
  "Pivot.M.Camarilla.S3": 18.005475,
  "Pivot.M.Camarilla.S2": 18.25031667,
  "Pivot.M.Camarilla.S1": 18.49515833,
  "Pivot.M.Camarilla.Middle": 18.86966667,
  "Pivot.M.Camarilla.R1": 18.98484167,
  "Pivot.M.Camarilla.R2": 19.22968333,
  "Pivot.M.Camarilla.R3": 19.474525,
  "Pivot.M.Woodie.S3": 14.7335,
  "Pivot.M.Woodie.S2": 16.16625,
  "Pivot.M.Woodie.S1": 17.4045,
  "Pivot.M.Woodie.Middle": 18.83725,
  "Pivot.M.Woodie.R1": 20.0755,
  "Pivot.M.Woodie.R2": 21.50825,
  "Pivot.M.Woodie.R3": 22.7465,
  "Pivot.M.Demark.S1": 16.834,
  "Pivot.M.Demark.Middle": 18.552,
  "Pivot.M.Demark.R1": 19.505,
  "open": 19.295,
  "P.SAR": 18.49760455,
  "BB.lower": 18.12327458,
  "BB.upper": 19.33432542,
  "AO[2]": 0.52522647,
  "volume": 533176.9,
  "change": -1.28012438,
  "low": 19.047,
  "high": 19.372
}