{
    "Recommend.Other": -0.09090909,
    "Recommend.All": 0.28787879,
    "Recommend.MA": 0.66666667,
    "RSI": 56.24850168,
    "RSI[1]": 62.13210368,
    "Stoch.K": 79.37594502,
    "Stoch.D": 78.58865258,
    "Stoch.K[1]": 79.53654676,
    "Stoch.D[1]": 80.88336537,
    "CCI20": 110.67395362,
    "CCI20[1]": 155.89582033,
    "ADX": 18.9264717,
    "ADX+DI": 21.15934457,
    "ADX-DI": 16.64629357,
    "ADX+DI[1]": 23.01773409,
    "ADX-DI[1]": 17.12531616,
    "AO": 0.63565588,
    "AO[1]": 0.62969118,
    "Mom": 0.323,
    "Mom[1]": 0.543,
    "MACD.macd": 0.1381533,
    "MACD.signal": 0.06238469,
    "Rec.Stoch.RSI": 0,
    "Stoch.RSI.K": 80.63699635,
    "Rec.WR": 0,
    "W.R": -26.07655502,
    "Rec.BBPower": 0,
    "BBPower": 0.53397649,
    "Rec.UO": 0,
    "UO": 59.26783851,
    "close": 19.063,
    "EMA5": 19.07688523,
    "SMA5": 19.104,
    "EMA10": 18.95990344,
    "SMA10": 18.9077,
    "EMA20": 18.80864394,
    "SMA20": 18.72955,
    "EMA30": 18.77846091,
    "SMA30": 18.52123333,
    "EMA50": 18.84303461,
    "SMA50": 18.7479,
    "EMA100": 18.81511531,
    "SMA100": 19.38778,
    "EMA200": 18.16959269,
    "SMA200": 18.08055,
    "Rec.Ichimoku": 0,
    "Ichimoku.BLine": 18.4945,
    "Rec.VWMA": 1,
    "VWMA": 18.79726662,
    "Rec.HullMA9": -1,
    "HullMA9": 19.21417407,
    "Pivot.M.Classic.S3": 13.52766667,
    "Pivot.M.Classic.S2": 16.19866667,
    "Pivot.M.Classic.S1": 17.46933333,
    "Pivot.M.Classic.Middle": 18.86966667,
    "Pivot.M.Classic.R1": 20.14033333,
    "Pivot.M.Classic.R2": 21.54066667,
    "Pivot.M.Classic.R3": 24.21166667,
    "Pivot.M.Fibonacci.S3": 16.19866667,
    "Pivot.M.Fibonacci.S2": 17.21898867,
    "Pivot.M.Fibonacci.S1": 17.84934467,
    "Pivot.M.Fibonacci.Middle": 18.86966667,
    "Pivot.M.Fibonacci.R1": 19.88998867,
    "Pivot.M.Fibonacci.R2": 20.52034467,
    "Pivot.M.Fibonacci.R3": 21.54066667,
    "Pivot.M.Camarilla.S3": 18.005475,
    "Pivot.M.Camarilla.S2": 18.25031667,
    "Pivot.M.Camarilla.S1": 18.49515833,
    "Pivot.M.Camarilla.Middle": 18.86966667,
    "Pivot.M.Camarilla.R1": 18.98484167,
    "Pivot.M.Camarilla.R2": 19.22968333,
    "Pivot.M.Camarilla.R3": 19.474525,
    "Pivot.M.Woodie.S3": 14.7335,
    "Pivot.M.Woodie.S2": 16.16625,
    "Pivot.M.Woodie.S1": 17.4045,
    "Pivot.M.Woodie.Middle": 18.83725,
    "Pivot.M.Woodie.R1": 20.0755,
    "Pivot.M.Woodie.R2": 21.50825,
    "Pivot.M.Woodie.R3": 22.7465,
    "Pivot.M.Demark.S1": 16.834,
    "Pivot.M.Demark.Middle": 18.552,
    "Pivot.M.Demark.R1": 19.505,
    "open": 19.295,
    "P.SAR": 18.49760455,
    "BB.lower": 18.12240999,
    "BB.upper": 19.33669001,
    "AO[2]": 0.52522647,
    "volume": 700266.7,
    "change": -1.20238404,
    "low": 18.961,
    "high": 19.372
  }